Feature,SHAP Mean,SHAP Std
PI-3,0.23387703195780055,0.8092173795577242
PI-4,0.22094376928773135,0.7490121677714204
PI-5,0.19052915934276346,0.48812315076352636
PI-2,0.1848315061121254,0.4513148705586978
CO(t-1),0.04662742913401569,0.15753131787930377
H2(t-1),0.01367287493213591,0.0442161266896132
CH4(t-1),0.013114722374043214,0.039762026984925584
TI-4,0.007542936117239819,0.028624196480969012
FNC-2,0.005602733904634045,0.021205889130319677
TI-3,0.005161410520778695,0.015962896252701454
CO2(t-1),0.004720068764998398,0.012083605742067141
TI-2,0.0018043939954758654,0.005165967387968148
FNC-1,0.001590239662741842,0.0060435487264363435
FNC-3,0.0007176163752078131,0.0027048473008015757
TI-5,0.0006353564411353299,0.0019616086586407774
Total N2 flow rate [g/min],0.0,0.0
Steam flow rate [g/min],0.0,0.0
CO2 flow rate [g/min],0.0,0.0
O2 flow rate [g/min],0.0,0.0
Actual feeding rate [g/min],0.0,0.0
